<?xml version="1.0" encoding="UTF-8"?>
<beans xmlns="http://www.springframework.org/schema/beans" xmlns:xsi="http://www.w3.org/2001/XMLSchema-instance"
	xsi:schemaLocation="http://www.springframework.org/schema/beans http://www.springframework.org/schema/beans/spring-beans-4.0.xsd">

	<!-- PostgreSQL용 MyBatis 설정 -->
	<bean id="postgresSqlSessionFactory" class="org.mybatis.spring.SqlSessionFactoryBean">
		<property name="dataSource" ref="postgresDataSource"/>
		<property name="configLocation" value="classpath:/config/sqlmap/sql-mapper-config.xml"/>
		<property name="mapperLocations" value="classpath:/config/sqlmap/mappers/postgres/**/*.xml"/>
		<property name="plugins">
		    <array>
		        <bean class="com.csj.webframework.logging.MyBatisResultLoggerAnsi"/>
		    </array>
		</property>
	</bean>
	
	<bean id="postgresSqlSessionTemplate" class="org.mybatis.spring.SqlSessionTemplate">
		<constructor-arg ref="postgresSqlSessionFactory"/>
	</bean>
	
	<!-- MySQL용 MyBatis 설정 -->
	<bean id="mysqlSqlSessionFactory" class="org.mybatis.spring.SqlSessionFactoryBean">
		<property name="dataSource" ref="mysqlDataSource"/>
		<property name="configLocation" value="classpath:/config/sqlmap/sql-mapper-config.xml"/>
		<property name="mapperLocations" value="classpath:/config/sqlmap/mappers/mysql/**/*.xml"/>
		<property name="plugins">
		    <array>
		        <bean class="com.csj.webframework.logging.MyBatisResultLoggerAnsi"/>
		    </array>
		</property>
	</bean>
	
	<bean id="mysqlSqlSessionTemplate" class="org.mybatis.spring.SqlSessionTemplate">
		<constructor-arg ref="mysqlSqlSessionFactory"/>
	</bean>
	
	<!-- Mapper 스캔 (PostgreSQL용) -->
	<bean class="org.mybatis.spring.mapper.MapperScannerConfigurer">
	    <property name="basePackage" value="com.csj.webframework.mapper.postgres"/>
	    <property name="sqlSessionFactoryBeanName" value="postgresSqlSessionFactory"/>
	</bean>
	
	<!-- Mapper 스캔 (Mysql용) -->
	<bean class="org.mybatis.spring.mapper.MapperScannerConfigurer">
	    <property name="basePackage" value="com.csj.webframework.mapper.mysql"/>
	    <property name="sqlSessionFactoryBeanName" value="mysqlSqlSessionFactory"/>
	</bean>
	
	
	
</beans>