<?xml version="1.0" encoding="UTF-8"?>
<configuration>

	<logger name="com.csj.webframework.logging.ResultLoggingListener" level="DEBUG" additivity="false">
	    <appender-ref ref="CONSOLE"/>
	</logger>
    <!-- 콘솔 로그 출력 형식 설정 -->
    <appender name="CONSOLE" class="ch.qos.logback.core.ConsoleAppender">
        <encoder>
            <pattern>%d{yyyy-MM-dd HH:mm:ss.SSS} [%thread] %-5level %logger{36} - %msg%n</pattern>
        </encoder>
    </appender>


    <!-- 파일 로그 -->
    <appender name="FILE" class="ch.qos.logback.core.rolling.RollingFileAppender">
        <file>logs/app.log</file>

        <rollingPolicy class="ch.qos.logback.core.rolling.TimeBasedRollingPolicy">
            <fileNamePattern>logs/app.%d{yyyy-MM-dd}.log</fileNamePattern>
            <maxHistory>7</maxHistory>
        </rollingPolicy>

        <encoder>
            <pattern>%d{yyyy-MM-dd HH:mm:ss.SSS} [%thread] %-5level %logger{36} - %msg%n</pattern>
        </encoder>
    </appender>
    
    <logger name="p6spy" level="DEBUG" additivity="false">
	    <appender-ref ref="STDOUT"/>
	</logger>

    <!-- 로그 레벨 및 출력 대상 설정 -->
    <root level="DEBUG">
        <appender-ref ref="CONSOLE" />
        <appender-ref ref="FILE" />
    </root>

    <!-- 패키지 별 로그 레벨 설정 -->
    <logger name="com.csj" level="DEBUG" />

</configuration>
