<?xml version="1.0" encoding="UTF-8"?>
<!DOCTYPE tiles-definitions PUBLIC
  "-//Apache Software Foundation//DTD Tiles Configuration 2.1//EN"
  "http://tiles.apache.org/dtds/tiles-config_2_1.dtd">

<tiles-definitions>

	<!-- popup -->
	<definition name="popupLayout" template="/WEB-INF/jsp/layout/popupLayout.jsp">
		<put-attribute name="content" value=""/>
	</definition>
	
	<!-- ex) mainPopup.popup -->
	<definition name="*.popup" extends="popupLayout">
		<put-attribute name="content" value="/WEB-INF/jsp/layout/popup/{1}.jsp" />
	</definition>
	
	<!-- ex) main/mainPopup.popup -->
	<definition name="*/*.popup" extends="popupLayout">
		<put-attribute name="content" value="/WEB-INF/jsp/layout/popup/{1}/{2}.jsp" />
	</definition>

	<!-- tiles 적용 -->
	<definition name="normalLayout" template="/WEB-INF/jsp/layout/normalLayout.jsp">
		<put-attribute name="header" value="/WEB-INF/jsp/layout/common/header.jsp" />
		<put-attribute name="content" value=""/>
		<put-attribute name="footer" value="/WEB-INF/jsp/layout/common/footer.jsp" />
	</definition>
 
	<definition name="*" extends="normalLayout">
		<put-attribute name="content" value="/WEB-INF/jsp/layout/{1}.jsp" />
	</definition>
	
	<definition name="*/*" extends="normalLayout">
		<put-attribute name="content" value="/WEB-INF/jsp/layout/{1}/{2}.jsp" />
	</definition>
</tiles-definitions>