<?xml version="1.0" encoding="UTF-8"?>
<beans xmlns="http://www.springframework.org/schema/beans" xmlns:xsi="http://www.w3.org/2001/XMLSchema-instance"
	xmlns:jdbc="http://www.springframework.org/schema/jdbc"
	xsi:schemaLocation="http://www.springframework.org/schema/beans http://www.springframework.org/schema/beans/spring-beans-4.0.xsd
        http://www.springframework.org/schema/jdbc  http://www.springframework.org/schema/jdbc/spring-jdbc-4.0.xsd">
     
	<!-- PostgreSQL DataSource via p6spy -->
	<bean id="postgresDataSource" class="org.springframework.jdbc.datasource.DriverManagerDataSource">
		<property name="driverClassName" value="${postgres.driverClassName}" />
	    <property name="url" value="${postgres.url}" />
	    <property name="username" value="${postgres.username}" />
        <property name="password" value="${postgres.password}" />
	</bean>
	
    
	<!-- MySQL DataSource via p6spy -->
	<bean id="mysqlDataSource" class="org.springframework.jdbc.datasource.DriverManagerDataSource">
	    <property name="driverClassName" value="${mysql.driverClassName}" />
        <property name="url" value="${mysql.url}" />
        <property name="username" value="${mysql.username}" />
        <property name="password" value="${mysql.password}" />
	</bean>
	
	
</beans>
