<?xml version="1.0" encoding="UTF-8"?>
<beans xmlns="http://www.springframework.org/schema/beans" xmlns:xsi="http://www.w3.org/2001/XMLSchema-instance"
	xmlns:jdbc="http://www.springframework.org/schema/jdbc"
	xsi:schemaLocation="http://www.springframework.org/schema/beans http://www.springframework.org/schema/beans/spring-beans-4.0.xsd
        http://www.springframework.org/schema/jdbc  http://www.springframework.org/schema/jdbc/spring-jdbc-4.0.xsd">
     
	<!-- PostgreSQL DataSource via p6spy -->
	<bean id="postgresDataSource" class="org.springframework.jdbc.datasource.DriverManagerDataSource">
		<property name="driverClassName" value="com.p6spy.engine.spy.P6SpyDriver"/>
		<property name="url" value="jdbc:p6spy:postgresql://localhost:5432/postgres"/>
		<property name="username" value="postgres"/>
		<property name="password" value="postgres"/>
	</bean>
	
	
	<!-- MySQL DataSource via p6spy -->
	<bean id="mysqlDataSource" class="org.springframework.jdbc.datasource.DriverManagerDataSource">
		<property name="driverClassName" value="com.p6spy.engine.spy.P6SpyDriver"/>
		<property name="url" value="jdbc:p6spy:mysql://localhost:3306/mydb"/>
		<property name="username" value="root"/>
		<property name="password" value="qwer1234!!"/>
	</bean>
	
	
</beans>
